date,fajr,sunrise,dhuhr,asr,maghrib,isha,fajrj,dhuhrj,asrj,maghribj,ishaj,isha2
01/01/2024,6:40 AM,8:25 AM,12:17 PM,2:11 PM,4:02 PM,5:39 PM,7:30 AM,1:00 PM,2:45 PM,4:02 PM,7:15 PM,
02/01/2024,6:40 AM,8:25 AM,12:17 PM,2:12 PM,4:03 PM,5:40 PM,7:30 AM,1:00 PM,2:45 PM,4:03 PM,7:15 PM,
03/01/2024,6:40 AM,8:24 AM,12:18 PM,2:13 PM,4:05 PM,5:41 PM,7:30 AM,1:00 PM,2:45 PM,4:05 PM,7:15 PM,
04/01/2024,6:40 AM,8:24 AM,12:18 PM,2:14 PM,4:06 PM,5:42 PM,7:30 AM,1:00 PM,2:45 PM,4:06 PM,7:15 PM,
05/01/2024,6:39 AM,8:24 AM,12:19 PM,2:16 PM,4:07 PM,5:43 PM,7:30 AM,1:00 PM,3:00 PM,4:07 PM,7:15 PM,
06/01/2024,6:39 AM,8:23 AM,12:19 PM,2:17 PM,4:08 PM,5:44 PM,7:30 AM,1:00 PM,3:00 PM,4:08 PM,7:15 PM,
07/01/2024,6:39 AM,8:23 AM,12:19 PM,2:18 PM,4:10 PM,5:45 PM,7:30 AM,1:00 PM,3:00 PM,4:10 PM,7:15 PM,
08/01/2024,6:38 AM,8:22 AM,12:20 PM,2:19 PM,4:11 PM,5:46 PM,7:30 AM,1:00 PM,3:00 PM,4:11 PM,7:15 PM,
09/01/2024,6:38 AM,8:22 AM,12:20 PM,2:21 PM,4:13 PM,5:48 PM,7:30 AM,1:00 PM,3:00 PM,4:13 PM,7:15 PM,
10/01/2024,6:37 AM,8:21 AM,12:21 PM,2:22 PM,4:14 PM,5:49 PM,7:30 AM,1:00 PM,3:00 PM,4:14 PM,7:15 PM,
11/01/2024,6:37 AM,8:20 AM,12:21 PM,2:23 PM,4:16 PM,5:50 PM,7:30 AM,1:00 PM,3:00 PM,4:16 PM,7:15 PM,
12/01/2024,6:36 AM,8:20 AM,12:21 PM,2:25 PM,4:17 PM,5:51 PM,7:30 AM,1:00 PM,3:00 PM,4:17 PM,7:15 PM,
13/01/2024,6:35 AM,8:19 AM,12:22 PM,2:26 PM,4:19 PM,5:53 PM,7:30 AM,1:00 PM,3:00 PM,4:19 PM,7:15 PM,
14/01/2024,6:34 AM,8:18 AM,12:22 PM,2:28 PM,4:21 PM,5:54 PM,7:30 AM,1:00 PM,3:00 PM,4:21 PM,7:15 PM,
15/01/2024,6:34 AM,8:17 AM,12:23 PM,2:29 PM,4:22 PM,5:56 PM,7:30 AM,1:00 PM,3:00 PM,4:22 PM,7:15 PM,
16/01/2024,6:33 AM,8:16 AM,12:23 PM,2:31 PM,4:24 PM,5:57 PM,7:30 AM,1:00 PM,3:00 PM,4:24 PM,7:15 PM,
17/01/2024,6:32 AM,8:15 AM,12:23 PM,2:33 PM,4:26 PM,5:58 PM,7:30 AM,1:00 PM,3:00 PM,4:26 PM,7:15 PM,
18/01/2024,6:31 AM,8:14 AM,12:24 PM,2:34 PM,4:28 PM,6:00 PM,7:30 AM,1:00 PM,3:00 PM,4:28 PM,7:15 PM,
19/01/2024,6:30 AM,8:13 AM,12:24 PM,2:36 PM,4:29 PM,6:01 PM,7:15 AM,1:00 PM,3:30 PM,4:29 PM,7:15 PM,
20/01/2024,6:29 AM,8:12 AM,12:24 PM,2:37 PM,4:31 PM,6:03 PM,7:15 AM,1:00 PM,3:30 PM,4:31 PM,7:15 PM,
21/01/2024,6:28 AM,8:11 AM,12:25 PM,2:39 PM,4:33 PM,6:05 PM,7:15 AM,1:00 PM,3:30 PM,4:33 PM,7:15 PM,
22/01/2024,6:27 AM,8:09 AM,12:25 PM,2:41 PM,4:35 PM,6:06 PM,7:15 AM,1:00 PM,3:30 PM,4:35 PM,7:15 PM,
23/01/2024,6:25 AM,8:08 AM,12:25 PM,2:43 PM,4:37 PM,6:08 PM,7:15 AM,1:00 PM,3:30 PM,4:37 PM,7:15 PM,
24/01/2024,6:24 AM,8:07 AM,12:25 PM,2:44 PM,4:38 PM,6:09 PM,7:15 AM,1:00 PM,3:30 PM,4:38 PM,7:15 PM,
25/01/2024,6:23 AM,8:05 AM,12:26 PM,2:46 PM,4:40 PM,6:11 PM,7:15 AM,1:00 PM,3:30 PM,4:40 PM,7:15 PM,
26/01/2024,6:21 AM,8:04 AM,12:26 PM,2:48 PM,4:42 PM,6:13 PM,7:15 AM,1:00 PM,3:30 PM,4:42 PM,7:15 PM,
27/01/2024,6:20 AM,8:02 AM,12:26 PM,2:50 PM,4:44 PM,6:14 PM,7:15 AM,1:00 PM,3:30 PM,4:44 PM,7:15 PM,
28/01/2024,6:19 AM,8:01 AM,12:26 PM,2:51 PM,4:46 PM,6:16 PM,7:15 AM,1:00 PM,3:30 PM,4:46 PM,7:15 PM,
29/01/2024,6:17 AM,7:59 AM,12:26 PM,2:53 PM,4:48 PM,6:18 PM,7:15 AM,1:00 PM,3:30 PM,4:48 PM,7:15 PM,
30/01/2024,6:16 AM,7:58 AM,12:27 PM,2:55 PM,4:50 PM,6:19 PM,7:15 AM,1:00 PM,3:30 PM,4:50 PM,7:15 PM,
31/01/2024,6:14 AM,7:56 AM,12:27 PM,2:57 PM,4:52 PM,6:21 PM,7:15 AM,1:00 PM,3:30 PM,4:52 PM,7:15 PM,
01/02/2024,6:13 AM,7:54 AM,12:27 PM,2:59 PM,4:54 PM,6:23 PM,7:15 AM,1:00 PM,3:30 PM,4:54 PM,7:15 PM,
02/02/2024,6:11 AM,7:53 AM,12:27 PM,3:01 PM,4:56 PM,6:24 PM,7:00 AM,1:00 PM,3:45 PM,4:56 PM,7:15 PM,
03/02/2024,6:10 AM,7:51 AM,12:27 PM,3:02 PM,4:58 PM,6:26 PM,7:00 AM,1:00 PM,3:45 PM,4:58 PM,7:15 PM,
04/02/2024,6:08 AM,7:49 AM,12:27 PM,3:04 PM,5:00 PM,6:28 PM,7:00 AM,1:00 PM,3:45 PM,5:00 PM,7:15 PM,
05/02/2024,6:06 AM,7:48 AM,12:27 PM,3:06 PM,5:02 PM,6:30 PM,7:00 AM,1:00 PM,3:45 PM,5:02 PM,7:15 PM,
06/02/2024,6:04 AM,7:46 AM,12:27 PM,3:08 PM,5:04 PM,6:31 PM,7:00 AM,1:00 PM,3:45 PM,5:04 PM,7:15 PM,
07/02/2024,6:03 AM,7:44 AM,12:28 PM,3:10 PM,5:06 PM,6:33 PM,7:00 AM,1:00 PM,3:45 PM,5:06 PM,7:15 PM,
08/02/2024,6:01 AM,7:42 AM,12:28 PM,3:12 PM,5:08 PM,6:35 PM,7:00 AM,1:00 PM,3:45 PM,5:08 PM,7:15 PM,
09/02/2024,5:59 AM,7:40 AM,12:28 PM,3:13 PM,5:10 PM,6:37 PM,6:45 AM,1:00 PM,4:00 PM,5:10 PM,7:15 PM,
10/02/2024,5:57 AM,7:38 AM,12:28 PM,3:15 PM,5:12 PM,6:38 PM,6:45 AM,1:00 PM,4:00 PM,5:12 PM,7:15 PM,
11/02/2024,5:55 AM,7:36 AM,12:28 PM,3:17 PM,5:14 PM,6:40 PM,6:45 AM,1:00 PM,4:00 PM,5:14 PM,7:15 PM,
12/02/2024,5:54 AM,7:34 AM,12:28 PM,3:19 PM,5:16 PM,6:42 PM,6:45 AM,1:00 PM,4:00 PM,5:16 PM,7:15 PM,
13/02/2024,5:52 AM,7:32 AM,12:28 PM,3:21 PM,5:18 PM,6:44 PM,6:45 AM,1:00 PM,4:00 PM,5:18 PM,7:15 PM,
14/02/2024,5:50 AM,7:30 AM,12:28 PM,3:23 PM,5:20 PM,6:45 PM,6:45 AM,1:00 PM,4:00 PM,5:20 PM,7:15 PM,
15/02/2024,5:48 AM,7:28 AM,12:28 PM,3:24 PM,5:22 PM,6:47 PM,6:45 AM,1:00 PM,4:00 PM,5:22 PM,7:15 PM,
16/02/2024,5:46 AM,7:26 AM,12:28 PM,3:26 PM,5:24 PM,6:49 PM,6:30 AM,1:00 PM,4:15 PM,5:24 PM,7:30 PM,
17/02/2024,5:44 AM,7:24 AM,12:28 PM,3:28 PM,5:26 PM,6:50 PM,6:30 AM,1:00 PM,4:15 PM,5:26 PM,7:30 PM,
18/02/2024,5:42 AM,7:22 AM,12:27 PM,3:30 PM,5:28 PM,6:52 PM,6:30 AM,1:00 PM,4:15 PM,5:28 PM,7:30 PM,
19/02/2024,5:40 AM,7:20 AM,12:27 PM,3:32 PM,5:30 PM,6:54 PM,6:30 AM,1:00 PM,4:15 PM,5:30 PM,7:30 PM,
20/02/2024,5:38 AM,7:17 AM,12:27 PM,3:34 PM,5:32 PM,6:56 PM,6:30 AM,1:00 PM,4:15 PM,5:32 PM,7:30 PM,
21/02/2024,5:36 AM,7:15 AM,12:27 PM,3:35 PM,5:33 PM,6:57 PM,6:30 AM,1:00 PM,4:15 PM,5:33 PM,7:30 PM,
22/02/2024,5:33 AM,7:13 AM,12:27 PM,3:37 PM,5:35 PM,6:59 PM,6:30 AM,1:00 PM,4:15 PM,5:35 PM,7:30 PM,
23/02/2024,5:31 AM,7:11 AM,12:27 PM,3:39 PM,5:37 PM,7:01 PM,6:15 AM,1:00 PM,4:30 PM,5:37 PM,7:30 PM,
24/02/2024,5:29 AM,7:09 AM,12:27 PM,3:41 PM,5:39 PM,7:02 PM,6:15 AM,1:00 PM,4:30 PM,5:39 PM,7:30 PM,
25/02/2024,5:27 AM,7:06 AM,12:27 PM,3:42 PM,5:41 PM,7:04 PM,6:15 AM,1:00 PM,4:30 PM,5:41 PM,7:30 PM,
26/02/2024,5:25 AM,7:04 AM,12:26 PM,3:44 PM,5:43 PM,7:06 PM,6:15 AM,1:00 PM,4:30 PM,5:43 PM,7:30 PM,
27/02/2024,5:23 AM,7:02 AM,12:26 PM,3:46 PM,5:45 PM,7:08 PM,6:15 AM,1:00 PM,4:30 PM,5:45 PM,7:30 PM,
28/02/2024,5:21 AM,7:00 AM,12:26 PM,3:48 PM,5:47 PM,7:09 PM,6:15 AM,1:00 PM,4:30 PM,5:47 PM,7:30 PM,
29/02/2024,5:18 AM,6:57 AM,12:26 PM,3:49 PM,5:49 PM,7:11 PM,6:15 AM,1:00 PM,4:30 PM,5:49 PM,7:30 PM,
01/03/2024,5:16 AM,6:55 AM,12:26 PM,3:51 PM,5:51 PM,7:13 PM,6:00 AM,1:00 PM,4:45 PM,5:51 PM,7:45 PM,
02/03/2024,5:14 AM,6:53 AM,12:00 PM,3:53 PM,5:53 PM,7:14 PM,6:00 AM,1:00 PM,4:45 PM,5:53 PM,7:45 PM,
03/03/2024,5:12 AM,6:50 AM,12:25 PM,3:54 PM,5:55 PM,7:16 PM,6:00 AM,1:00 PM,4:45 PM,5:55 PM,7:45 PM,
04/03/2024,5:09 AM,6:48 AM,12:25 PM,3:56 PM,5:57 PM,7:18 PM,6:00 AM,1:00 PM,4:45 PM,5:57 PM,7:45 PM,
05/03/2024,5:07 AM,6:46 AM,12:25 PM,3:58 PM,5:59 PM,7:19 PM,6:00 AM,1:00 PM,4:45 PM,5:59 PM,7:45 PM,
06/03/2024,5:05 AM,6:43 AM,12:25 PM,3:59 PM,6:00 PM,7:21 PM,6:00 AM,1:00 PM,4:45 PM,6:00 PM,7:45 PM,
07/03/2024,5:03 AM,6:41 AM,12:24 PM,4:01 PM,6:02 PM,7:23 PM,6:00 AM,1:00 PM,4:45 PM,6:02 PM,7:45 PM,
08/03/2024,5:00 AM,6:39 AM,12:24 PM,4:02 PM,6:04 PM,7:24 PM,5:45 AM,1:00 PM,5:00 PM,6:04 PM,8:00 PM,
09/03/2024,4:58 AM,6:36 AM,12:24 PM,4:04 PM,6:06 PM,7:26 PM,5:45 AM,1:00 PM,5:00 PM,6:06 PM,8:00 PM,
10/03/2024,4:56 AM,6:34 AM,12:24 PM,4:06 PM,6:08 PM,7:27 PM,5:45 AM,1:00 PM,5:00 PM,6:18 PM,8:15 PM,12:30 AM
11/03/2024,4:54 AM,6:31 AM,12:23 PM,4:07 PM,6:10 PM,7:29 PM,5:04 AM,1:00 PM,5:00 PM,6:20 PM,8:15 PM,12:30 AM
12/03/2024,4:51 AM,6:29 AM,12:23 PM,4:09 PM,6:12 PM,7:31 PM,5:01 AM,1:00 PM,5:00 PM,6:22 PM,8:15 PM,12:30 AM
13/03/2024,4:49 AM,6:27 AM,12:23 PM,4:10 PM,6:14 PM,7:32 PM,4:59 AM,1:00 PM,5:00 PM,6:24 PM,8:15 PM,12:30 AM
14/03/2024,4:47 AM,6:24 AM,12:23 PM,4:12 PM,6:15 PM,7:34 PM,4:57 AM,1:00 PM,5:00 PM,6:25 PM,8:15 PM,12:30 AM
15/03/2024,4:44 AM,6:22 AM,12:22 PM,4:13 PM,6:17 PM,7:36 PM,4:54 AM,1:00 PM,5:15 PM,6:27 PM,8:15 PM,12:45 AM
16/03/2024,4:42 AM,6:19 AM,12:22 PM,4:15 PM,6:19 PM,7:37 PM,4:52 AM,1:00 PM,5:15 PM,6:29 PM,8:15 PM,12:30 AM
17/03/2024,4:40 AM,6:17 AM,12:22 PM,4:16 PM,6:21 PM,7:39 PM,4:50 AM,1:00 PM,5:15 PM,6:31 PM,8:15 PM,12:30 AM
18/03/2024,4:37 AM,6:14 AM,12:21 PM,4:18 PM,6:23 PM,7:40 PM,4:47 AM,1:00 PM,5:15 PM,6:33 PM,8:15 PM,12:30 AM
19/03/2024,4:35 AM,6:12 AM,12:21 PM,4:19 PM,6:25 PM,7:42 PM,4:45 AM,1:00 PM,5:15 PM,6:35 PM,8:15 PM,12:30 AM
20/03/2024,4:33 AM,6:10 AM,12:21 PM,4:21 PM,6:27 PM,7:44 PM,4:43 AM,1:00 PM,5:15 PM,6:37 PM,8:15 PM,12:30 AM
21/03/2024,4:30 AM,6:07 AM,12:21 PM,4:22 PM,6:28 PM,7:45 PM,4:40 AM,1:00 PM,5:15 PM,6:38 PM,8:15 PM,12:30 AM
22/03/2024,4:28 AM,6:05 AM,12:20 PM,4:24 PM,6:30 PM,7:47 PM,4:38 AM,1:00 PM,5:15 PM,6:40 PM,8:30 PM,12:45 AM
23/03/2024,4:25 AM,6:02 AM,12:20 PM,4:25 PM,6:32 PM,7:48 PM,4:35 AM,1:00 PM,5:15 PM,6:42 PM,8:30 PM,12:30 AM
24/03/2024,4:22 AM,6:00 AM,12:20 PM,4:27 PM,6:34 PM,7:50 PM,4:32 AM,1:00 PM,5:15 PM,6:44 PM,8:30 PM,12:30 AM
25/03/2024,4:19 AM,5:57 AM,12:19 PM,4:28 PM,6:36 PM,7:52 PM,4:29 AM,1:00 PM,5:15 PM,6:46 PM,8:30 PM,12:30 AM
26/03/2024,4:17 AM,5:55 AM,12:19 PM,4:29 PM,6:38 PM,7:53 PM,4:27 AM,1:00 PM,5:15 PM,6:48 PM,8:30 PM,12:30 AM
27/03/2024,4:14 AM,5:53 AM,12:19 PM,4:31 PM,6:39 PM,7:55 PM,4:24 AM,1:00 PM,5:15 PM,6:49 PM,8:30 PM,12:30 AM
28/03/2024,4:11 AM,5:50 AM,12:19 PM,4:32 PM,6:41 PM,7:56 PM,4:21 AM,1:00 PM,5:15 PM,6:51 PM,8:30 PM,12:30 AM
29/03/2024,4:08 AM,5:48 AM,12:18 PM,4:34 PM,6:43 PM,7:58 PM,4:18 AM,1:00 PM,5:30 PM,6:53 PM,8:30 PM,12:45 AM
30/03/2024,4:06 AM,5:45 AM,12:18 PM,4:35 PM,6:45 PM,7:59 PM,4:16 AM,1:00 PM,5:30 PM,6:55 PM,8:30 PM,12:30 AM
31/03/2024,5:02 AM,6:43 AM,1:18 PM,5:36 PM,7:47 PM,9:01 PM,5:12 AM,1:45 PM,6:30 PM,7:57 PM,9:30 PM,12:30 AM
01/04/2024,4:59 AM,6:41 AM,1:17 PM,5:38 PM,7:49 PM,9:03 PM,5:09 AM,1:45 PM,6:30 PM,7:59 PM,9:30 PM,12:30 AM
02/04/2024,4:57 AM,6:38 AM,1:17 PM,5:39 PM,7:50 PM,9:04 PM,5:07 AM,1:45 PM,6:30 PM,8:00 PM,9:30 PM,12:30 AM
03/04/2024,4:54 AM,6:36 AM,1:17 PM,5:40 PM,7:52 PM,9:06 PM,5:04 AM,1:45 PM,6:30 PM,8:02 PM,9:30 PM,12:30 AM
04/04/2024,4:51 AM,6:33 AM,1:16 PM,5:42 PM,7:54 PM,9:07 PM,5:01 AM,1:45 PM,6:30 PM,8:04 PM,9:30 PM,12:30 AM
05/04/2024,4:48 AM,6:31 AM,1:16 PM,5:43 PM,7:56 PM,9:09 PM,4:58 AM,1:45 PM,6:45 PM,8:06 PM,9:45 PM,12:45 AM
06/04/2024,4:46 AM,6:28 AM,1:16 PM,5:44 PM,7:58 PM,9:11 PM,4:56 AM,1:45 PM,6:45 PM,8:08 PM,9:45 PM,12:30 AM
07/04/2024,4:43 AM,6:26 AM,1:16 PM,5:46 PM,7:59 PM,9:12 PM,4:53 AM,1:45 PM,6:45 PM,8:09 PM,9:45 PM,12:30 AM
08/04/2024,4:40 AM,6:24 AM,1:15 PM,5:47 PM,8:01 PM,9:14 PM,4:50 AM,1:45 PM,6:45 PM,8:11 PM,9:45 PM,12:30 AM
09/04/2024,4:38 AM,6:21 AM,1:15 PM,5:48 PM,8:03 PM,9:15 PM,4:38 AM,1:45 PM,6:45 PM,8:03 PM,9:45 PM,
10/04/2024,4:35 AM,6:19 AM,1:15 PM,5:50 PM,8:05 PM,9:17 PM,5:30 AM,1:45 PM,6:45 PM,8:05 PM,9:45 PM,
11/04/2024,4:32 AM,6:17 AM,1:14 PM,5:51 PM,8:07 PM,9:18 PM,5:30 AM,1:45 PM,6:45 PM,8:07 PM,9:45 PM,
12/04/2024,4:30 AM,6:14 AM,1:14 PM,5:52 PM,8:09 PM,9:20 PM,5:15 AM,1:45 PM,7:00 PM,8:09 PM,9:45 PM,
13/04/2024,4:27 AM,6:12 AM,1:14 PM,5:53 PM,8:10 PM,9:22 PM,5:15 AM,1:45 PM,7:00 PM,8:10 PM,9:45 PM,
14/04/2024,4:24 AM,6:10 AM,1:14 PM,5:55 PM,8:12 PM,9:23 PM,5:15 AM,1:45 PM,7:00 PM,8:12 PM,9:45 PM,
15/04/2024,4:22 AM,6:07 AM,1:13 PM,5:56 PM,8:14 PM,9:25 PM,5:15 AM,1:45 PM,7:00 PM,8:14 PM,9:45 PM,
16/04/2024,4:19 AM,6:05 AM,1:13 PM,5:57 PM,8:16 PM,9:26 PM,5:15 AM,1:45 PM,7:00 PM,8:16 PM,9:45 PM,
17/04/2024,4:17 AM,6:03 AM,1:13 PM,5:58 PM,8:18 PM,9:28 PM,5:15 AM,1:45 PM,7:00 PM,8:18 PM,9:45 PM,
18/04/2024,4:14 AM,6:00 AM,1:13 PM,6:00 PM,8:20 PM,9:30 PM,5:15 AM,1:45 PM,7:00 PM,8:20 PM,9:45 PM,
19/04/2024,4:12 AM,5:58 AM,1:13 PM,6:01 PM,8:21 PM,9:31 PM,5:00 AM,1:45 PM,7:15 PM,8:21 PM,10:00 PM,
20/04/2024,4:09 AM,5:56 AM,1:12 PM,6:02 PM,8:23 PM,9:33 PM,5:00 AM,1:45 PM,7:15 PM,8:23 PM,10:00 PM,
21/04/2024,4:06 AM,5:54 AM,1:12 PM,6:03 PM,8:25 PM,9:34 PM,5:00 AM,1:45 PM,7:15 PM,8:25 PM,10:00 PM,
22/04/2024,4:04 AM,5:52 AM,1:12 PM,6:04 PM,8:27 PM,9:36 PM,5:00 AM,1:45 PM,7:15 PM,8:27 PM,10:00 PM,
23/04/2024,4:01 AM,5:49 AM,1:12 PM,6:05 PM,8:29 PM,9:37 PM,5:00 AM,1:45 PM,7:15 PM,8:29 PM,10:00 PM,
24/04/2024,3:59 AM,5:47 AM,1:12 PM,6:07 PM,8:31 PM,9:39 PM,5:00 AM,1:45 PM,7:15 PM,8:31 PM,10:00 PM,
25/04/2024,3:57 AM,5:45 AM,1:11 PM,6:08 PM,8:32 PM,9:41 PM,5:00 AM,1:45 PM,7:15 PM,8:32 PM,10:00 PM,
26/04/2024,3:54 AM,5:43 AM,1:11 PM,6:09 PM,8:34 PM,9:42 PM,4:45 AM,1:45 PM,7:15 PM,8:34 PM,10:15 PM,
27/04/2024,3:52 AM,5:41 AM,1:11 PM,6:10 PM,8:36 PM,9:44 PM,4:45 AM,1:45 PM,7:15 PM,8:36 PM,10:15 PM,
28/04/2024,3:49 AM,5:39 AM,1:11 PM,6:11 PM,8:38 PM,9:45 PM,4:45 AM,1:45 PM,7:15 PM,8:38 PM,10:15 PM,
29/04/2024,3:47 AM,5:37 AM,1:11 PM,6:12 PM,8:40 PM,9:47 PM,4:45 AM,1:45 PM,7:15 PM,8:40 PM,10:15 PM,
30/04/2024,3:45 AM,5:35 AM,1:11 PM,6:13 PM,8:41 PM,9:48 PM,4:45 AM,1:45 PM,7:15 PM,8:41 PM,10:15 PM,
01/05/2024,3:42 AM,5:33 AM,1:11 PM,6:15 PM,8:43 PM,9:50 PM,4:45 AM,1:45 PM,7:15 PM,8:43 PM,10:15 PM,
02/05/2024,3:40 AM,5:30 AM,1:10 PM,6:16 PM,8:45 PM,9:51 PM,4:45 AM,1:45 PM,7:15 PM,8:45 PM,10:15 PM,
03/05/2024,3:38 AM,5:29 AM,1:10 PM,6:17 PM,8:47 PM,9:53 PM,4:30 AM,1:45 PM,7:30 PM,8:47 PM,10:30 PM,
04/05/2024,3:35 AM,5:27 AM,1:10 PM,6:18 PM,8:48 PM,9:55 PM,4:30 AM,1:45 PM,7:30 PM,8:48 PM,10:30 PM,
05/05/2024,3:33 AM,5:25 AM,1:10 PM,6:19 PM,8:50 PM,9:56 PM,4:30 AM,1:45 PM,7:30 PM,8:50 PM,10:30 PM,
06/05/2024,3:31 AM,5:23 AM,1:10 PM,6:20 PM,8:52 PM,9:58 PM,4:30 AM,1:45 PM,7:30 PM,8:52 PM,10:30 PM,
07/05/2024,3:29 AM,5:21 AM,1:10 PM,6:21 PM,8:54 PM,10:00 PM,4:30 AM,1:45 PM,7:30 PM,8:54 PM,10:30 PM,
08/05/2024,3:26 AM,5:19 AM,1:10 PM,6:22 PM,8:55 PM,10:02 PM,4:30 AM,1:45 PM,7:30 PM,8:55 PM,10:30 PM,
09/05/2024,3:24 AM,5:17 AM,1:10 PM,6:23 PM,8:57 PM,10:04 PM,4:30 AM,1:45 PM,7:30 PM,8:57 PM,10:30 PM,
10/05/2024,3:22 AM,5:15 AM,1:10 PM,6:24 PM,8:59 PM,10:06 PM,4:15 AM,1:45 PM,7:45 PM,8:59 PM,10:45 PM,
11/05/2024,3:20 AM,5:14 AM,1:10 PM,6:25 PM,9:01 PM,10:08 PM,4:15 AM,1:45 PM,7:45 PM,9:01 PM,10:45 PM,
12/05/2024,3:18 AM,5:12 AM,1:10 PM,6:26 PM,9:02 PM,10:10 PM,4:15 AM,1:45 PM,7:45 PM,9:02 PM,10:45 PM,
13/05/2024,3:16 AM,5:10 AM,1:10 PM,6:27 PM,9:04 PM,10:12 PM,4:15 AM,1:45 PM,7:45 PM,9:04 PM,10:45 PM,
14/05/2024,3:14 AM,5:08 AM,1:10 PM,6:28 PM,9:06 PM,10:14 PM,4:15 AM,1:45 PM,7:45 PM,9:06 PM,10:45 PM,
15/05/2024,3:12 AM,5:07 AM,1:10 PM,6:29 PM,9:07 PM,10:16 PM,4:15 AM,1:45 PM,7:45 PM,9:07 PM,10:45 PM,
16/05/2024,3:10 AM,5:05 AM,1:10 PM,6:30 PM,9:09 PM,10:18 PM,4:15 AM,1:45 PM,7:45 PM,9:09 PM,10:45 PM,
17/05/2024,3:08 AM,5:04 AM,1:10 PM,6:31 PM,9:10 PM,10:20 PM,4:15 AM,1:45 PM,7:45 PM,9:10 PM,10:45 PM,
18/05/2024,3:07 AM,5:02 AM,1:10 PM,6:32 PM,9:12 PM,10:22 PM,4:15 AM,1:45 PM,7:45 PM,9:12 PM,10:45 PM,
19/05/2024,3:05 AM,5:01 AM,1:10 PM,6:33 PM,9:14 PM,10:23 PM,4:15 AM,1:45 PM,7:45 PM,9:14 PM,10:45 PM,
20/05/2024,3:03 AM,4:59 AM,1:10 PM,6:34 PM,9:15 PM,10:25 PM,4:15 AM,1:45 PM,7:45 PM,9:15 PM,10:45 PM,
21/05/2024,3:01 AM,4:58 AM,1:10 PM,6:35 PM,9:17 PM,10:27 PM,4:15 AM,1:45 PM,7:45 PM,9:17 PM,10:45 PM,
22/05/2024,3:00 AM,4:57 AM,1:10 PM,6:36 PM,9:18 PM,10:29 PM,4:15 AM,1:45 PM,7:45 PM,9:18 PM,10:45 PM,
23/05/2024,2:58 AM,4:55 AM,1:10 PM,6:36 PM,9:20 PM,10:31 PM,4:15 AM,1:45 PM,7:45 PM,9:20 PM,10:45 PM,
24/05/2024,2:57 AM,4:54 AM,1:10 PM,6:37 PM,9:21 PM,10:33 PM,4:00 AM,1:45 PM,7:45 PM,9:21 PM,11:00 PM,
25/05/2024,2:55 AM,4:53 AM,1:10 PM,6:38 PM,9:22 PM,10:34 PM,4:00 AM,1:45 PM,7:45 PM,9:22 PM,11:00 PM,
26/05/2024,2:54 AM,4:52 AM,1:11 PM,6:39 PM,9:24 PM,10:36 PM,4:00 AM,1:45 PM,7:45 PM,9:24 PM,11:00 PM,
27/05/2024,2:52 AM,4:50 AM,1:11 PM,6:40 PM,9:25 PM,10:38 PM,4:00 AM,1:45 PM,7:45 PM,9:25 PM,11:00 PM,
28/05/2024,2:51 AM,4:49 AM,1:11 PM,6:40 PM,9:26 PM,10:39 PM,4:00 AM,1:45 PM,7:45 PM,9:26 PM,11:00 PM,
29/05/2024,2:49 AM,4:48 AM,1:11 PM,6:41 PM,9:28 PM,10:41 PM,4:00 AM,1:45 PM,7:45 PM,9:28 PM,11:00 PM,
30/05/2024,2:48 AM,4:47 AM,1:11 PM,6:42 PM,9:29 PM,10:43 PM,4:00 AM,1:45 PM,8:00 PM,9:29 PM,11:00 PM,
31/05/2024,2:47 AM,4:46 AM,1:11 PM,6:43 PM,9:30 PM,10:44 PM,4:00 AM,1:45 PM,8:00 PM,9:30 PM,11:00 PM,
01/06/2024,2:46 AM,4:45 AM,1:11 PM,6:43 PM,9:31 PM,10:44 PM,4:00 AM,1:45 PM,8:00 PM,9:31 PM,11:00 PM,
02/06/2024,2:45 AM,4:45 AM,1:11 PM,6:44 PM,9:32 PM,10:45 PM,4:00 AM,1:45 PM,8:00 PM,9:32 PM,11:00 PM,
03/06/2024,2:43 AM,4:44 AM,1:12 PM,6:45 PM,9:33 PM,10:45 PM,4:00 AM,1:45 PM,8:00 PM,9:33 PM,11:00 PM,
04/06/2024,2:42 AM,4:43 AM,1:12 PM,6:45 PM,9:34 PM,10:45 PM,4:00 AM,1:45 PM,8:00 PM,9:34 PM,11:00 PM,
05/06/2024,2:41 AM,4:42 AM,1:12 PM,6:46 PM,9:35 PM,10:45 PM,4:00 AM,1:45 PM,8:00 PM,9:35 PM,11:00 PM,
06/06/2024,2:40 AM,4:42 AM,1:12 PM,6:47 PM,9:36 PM,10:45 PM,4:00 AM,1:45 PM,8:00 PM,9:36 PM,11:00 PM,
07/06/2024,2:40 AM,4:41 AM,1:12 PM,6:47 PM,9:37 PM,10:46 PM,4:00 AM,1:45 PM,8:00 PM,9:37 PM,11:00 PM,
08/06/2024,2:39 AM,4:41 AM,1:13 PM,6:48 PM,9:38 PM,10:46 PM,4:00 AM,1:45 PM,8:00 PM,9:38 PM,11:00 PM,
09/06/2024,2:38 AM,4:40 AM,1:13 PM,6:48 PM,9:39 PM,10:46 PM,4:00 AM,1:45 PM,8:00 PM,9:39 PM,11:00 PM,
10/06/2024,2:37 AM,4:40 AM,1:13 PM,6:49 PM,9:40 PM,10:46 PM,4:00 AM,1:45 PM,8:00 PM,9:40 PM,11:00 PM,
11/06/2024,2:37 AM,4:39 AM,1:13 PM,6:49 PM,9:40 PM,10:46 PM,4:00 AM,1:45 PM,8:00 PM,9:40 PM,11:00 PM,
12/06/2024,2:36 AM,4:39 AM,1:13 PM,6:50 PM,9:41 PM,10:46 PM,4:00 AM,1:45 PM,8:00 PM,9:41 PM,11:00 PM,
13/06/2024,2:35 AM,4:39 AM,1:14 PM,6:50 PM,9:42 PM,10:47 PM,4:00 AM,1:45 PM,8:00 PM,9:42 PM,11:00 PM,
14/06/2024,2:35 AM,4:39 AM,1:14 PM,6:51 PM,9:42 PM,10:47 PM,4:00 AM,1:45 PM,8:00 PM,9:42 PM,11:00 PM,
15/06/2024,2:35 AM,4:39 AM,1:14 PM,6:51 PM,9:43 PM,10:48 PM,4:00 AM,1:45 PM,8:00 PM,9:43 PM,11:00 PM,
16/06/2024,2:34 AM,4:38 AM,1:14 PM,6:51 PM,9:43 PM,10:48 PM,4:00 AM,1:45 PM,8:00 PM,9:43 PM,11:00 PM,
17/06/2024,2:34 AM,4:38 AM,1:14 PM,6:52 PM,9:43 PM,10:49 PM,4:00 AM,1:45 PM,8:00 PM,9:43 PM,11:00 PM,
18/06/2024,2:34 AM,4:39 AM,1:15 PM,6:52 PM,9:44 PM,10:49 PM,4:00 AM,1:45 PM,8:00 PM,9:44 PM,11:00 PM,
19/06/2024,2:33 AM,4:39 AM,1:15 PM,6:52 PM,9:44 PM,10:49 PM,4:00 AM,1:45 PM,8:00 PM,9:44 PM,11:00 PM,
20/06/2024,2:33 AM,4:39 AM,1:15 PM,6:53 PM,9:44 PM,10:50 PM,4:00 AM,1:45 PM,8:00 PM,9:44 PM,11:00 PM,
21/06/2024,2:33 AM,4:39 AM,1:15 PM,6:53 PM,9:44 PM,10:50 PM,4:00 AM,1:45 PM,8:00 PM,9:44 PM,11:00 PM,
22/06/2024,2:34 AM,4:39 AM,1:15 PM,6:53 PM,9:44 PM,10:50 PM,4:00 AM,1:45 PM,8:00 PM,9:44 PM,11:00 PM,
23/06/2024,2:34 AM,4:40 AM,1:16 PM,6:53 PM,9:44 PM,10:50 PM,4:00 AM,1:45 PM,8:00 PM,9:44 PM,11:00 PM,
24/06/2024,2:35 AM,4:40 AM,1:16 PM,6:53 PM,9:44 PM,10:50 PM,4:00 AM,1:45 PM,8:00 PM,9:44 PM,11:00 PM,
25/06/2024,2:36 AM,4:40 AM,1:16 PM,6:53 PM,9:44 PM,10:50 PM,4:00 AM,1:45 PM,8:00 PM,9:44 PM,11:00 PM,
26/06/2024,2:37 AM,4:41 AM,1:16 PM,6:53 PM,9:44 PM,10:50 PM,4:00 AM,1:45 PM,8:00 PM,9:44 PM,11:00 PM,
27/06/2024,2:37 AM,4:41 AM,1:17 PM,6:54 PM,9:44 PM,10:50 PM,4:00 AM,1:45 PM,8:00 PM,9:44 PM,11:00 PM,
28/06/2024,2:38 AM,4:42 AM,1:17 PM,6:54 PM,9:44 PM,10:49 PM,4:00 AM,1:45 PM,8:00 PM,9:44 PM,11:00 PM,
29/06/2024,2:39 AM,4:43 AM,1:17 PM,6:54 PM,9:43 PM,10:49 PM,4:00 AM,1:45 PM,8:00 PM,9:43 PM,11:00 PM,
30/06/2024,2:40 AM,4:43 AM,1:17 PM,6:53 PM,9:43 PM,10:49 PM,4:00 AM,1:45 PM,8:00 PM,9:43 PM,11:00 PM,
01/07/2024,2:41 AM,4:44 AM,1:17 PM,6:53 PM,9:43 PM,10:48 PM,4:00 AM,1:45 PM,8:00 PM,9:43 PM,11:00 PM,
02/07/2024,2:42 AM,4:45 AM,1:18 PM,6:53 PM,9:42 PM,10:48 PM,4:00 AM,1:45 PM,8:00 PM,9:42 PM,11:00 PM,
03/07/2024,2:44 AM,4:46 AM,1:18 PM,6:53 PM,9:42 PM,10:48 PM,4:00 AM,1:45 PM,8:00 PM,9:42 PM,11:00 PM,
04/07/2024,2:45 AM,4:47 AM,1:18 PM,6:53 PM,9:41 PM,10:47 PM,4:00 AM,1:45 PM,8:00 PM,9:41 PM,11:00 PM,
05/07/2024,2:46 AM,4:48 AM,1:18 PM,6:53 PM,9:40 PM,10:46 PM,4:00 AM,1:45 PM,7:45 PM,9:40 PM,11:00 PM,
06/07/2024,2:47 AM,4:48 AM,1:18 PM,6:53 PM,9:40 PM,10:46 PM,4:00 AM,1:45 PM,7:45 PM,9:40 PM,11:00 PM,
07/07/2024,2:49 AM,4:49 AM,1:18 PM,6:52 PM,9:39 PM,10:45 PM,4:00 AM,1:45 PM,7:45 PM,9:39 PM,11:00 PM,
08/07/2024,2:50 AM,4:51 AM,1:19 PM,6:52 PM,9:38 PM,10:44 PM,4:00 AM,1:45 PM,7:45 PM,9:38 PM,11:00 PM,
09/07/2024,2:51 AM,4:52 AM,1:19 PM,6:52 PM,9:37 PM,10:44 PM,4:00 AM,1:45 PM,7:45 PM,9:37 PM,11:00 PM,
10/07/2024,2:53 AM,4:53 AM,1:19 PM,6:51 PM,9:36 PM,10:42 PM,4:00 AM,1:45 PM,7:45 PM,9:36 PM,11:00 PM,
11/07/2024,2:54 AM,4:54 AM,1:19 PM,6:51 PM,9:35 PM,10:41 PM,4:00 AM,1:45 PM,7:45 PM,9:35 PM,11:00 PM,
12/07/2024,2:56 AM,4:55 AM,1:19 PM,6:50 PM,9:34 PM,10:40 PM,4:15 AM,1:45 PM,7:45 PM,9:34 PM,11:00 PM,
13/07/2024,2:57 AM,4:56 AM,1:19 PM,6:50 PM,9:33 PM,10:39 PM,4:15 AM,1:45 PM,7:45 PM,9:33 PM,11:00 PM,
14/07/2024,2:59 AM,4:58 AM,1:19 PM,6:49 PM,9:32 PM,10:38 PM,4:15 AM,1:45 PM,7:45 PM,9:32 PM,11:00 PM,
15/07/2024,3:00 AM,4:59 AM,1:19 PM,6:49 PM,9:31 PM,10:37 PM,4:15 AM,1:45 PM,7:45 PM,9:31 PM,11:00 PM,
16/07/2024,3:02 AM,5:00 AM,1:20 PM,6:48 PM,9:30 PM,10:36 PM,4:15 AM,1:45 PM,7:45 PM,9:30 PM,11:00 PM,
17/07/2024,3:04 AM,5:02 AM,1:20 PM,6:48 PM,9:29 PM,10:35 PM,4:15 AM,1:45 PM,7:45 PM,9:29 PM,11:00 PM,
18/07/2024,3:05 AM,5:03 AM,1:20 PM,6:47 PM,9:27 PM,10:34 PM,4:15 AM,1:45 PM,7:45 PM,9:27 PM,11:00 PM,
19/07/2024,3:07 AM,5:04 AM,1:20 PM,6:46 PM,9:26 PM,10:32 PM,4:15 AM,1:45 PM,7:30 PM,9:26 PM,10:45 PM,
20/07/2024,3:09 AM,5:06 AM,1:20 PM,6:46 PM,9:25 PM,10:31 PM,4:15 AM,1:45 PM,7:30 PM,9:25 PM,10:45 PM,
21/07/2024,3:11 AM,5:07 AM,1:20 PM,6:45 PM,9:23 PM,10:29 PM,4:15 AM,1:45 PM,7:30 PM,9:23 PM,10:45 PM,
22/07/2024,3:12 AM,5:09 AM,1:20 PM,6:44 PM,9:22 PM,10:28 PM,4:15 AM,1:45 PM,7:30 PM,9:22 PM,10:45 PM,
23/07/2024,3:14 AM,5:10 AM,1:20 PM,6:43 PM,9:20 PM,10:27 PM,4:15 AM,1:45 PM,7:30 PM,9:20 PM,10:45 PM,
24/07/2024,3:16 AM,5:12 AM,1:20 PM,6:43 PM,9:19 PM,10:25 PM,4:15 AM,1:45 PM,7:30 PM,9:19 PM,10:45 PM,
25/07/2024,3:18 AM,5:13 AM,1:20 PM,6:42 PM,9:17 PM,10:24 PM,4:15 AM,1:45 PM,7:30 PM,9:17 PM,10:45 PM,
26/07/2024,3:20 AM,5:15 AM,1:20 PM,6:41 PM,9:15 PM,10:22 PM,4:30 AM,1:45 PM,7:15 PM,9:15 PM,10:45 PM,
27/07/2024,3:22 AM,5:17 AM,1:20 PM,6:40 PM,9:14 PM,10:20 PM,4:30 AM,1:45 PM,7:15 PM,9:14 PM,10:45 PM,
28/07/2024,3:24 AM,5:18 AM,1:20 PM,6:39 PM,9:12 PM,10:19 PM,4:30 AM,1:45 PM,7:15 PM,9:12 PM,10:45 PM,
29/07/2024,3:25 AM,5:20 AM,1:20 PM,6:38 PM,9:10 PM,10:17 PM,4:30 AM,1:45 PM,7:15 PM,9:10 PM,10:45 PM,
30/07/2024,3:27 AM,5:21 AM,1:20 PM,6:37 PM,9:09 PM,10:15 PM,4:30 AM,1:45 PM,7:15 PM,9:09 PM,10:45 PM,
31/07/2024,3:29 AM,5:23 AM,1:20 PM,6:36 PM,9:07 PM,10:16 PM,4:30 AM,1:45 PM,7:15 PM,9:07 PM,10:45 PM,
01/08/2024,3:31 AM,5:25 AM,1:20 PM,6:35 PM,9:05 PM,10:14 PM,4:30 AM,1:45 PM,7:15 PM,9:05 PM,10:45 PM,
02/08/2024,3:33 AM,5:26 AM,1:20 PM,6:34 PM,9:03 PM,10:12 PM,4:45 AM,1:45 PM,7:00 PM,9:03 PM,10:30 PM,
03/08/2024,3:35 AM,5:28 AM,1:20 PM,6:33 PM,9:01 PM,10:10 PM,4:45 AM,1:45 PM,7:00 PM,9:01 PM,10:30 PM,
04/08/2024,3:37 AM,5:30 AM,1:20 PM,6:31 PM,8:59 PM,10:08 PM,4:45 AM,1:45 PM,7:00 PM,8:59 PM,10:30 PM,
05/08/2024,3:39 AM,5:31 AM,1:19 PM,6:30 PM,8:57 PM,10:06 PM,4:45 AM,1:45 PM,7:00 PM,8:57 PM,10:30 PM,
06/08/2024,3:41 AM,5:33 AM,1:19 PM,6:29 PM,8:56 PM,10:03 PM,4:45 AM,1:45 PM,7:00 PM,8:56 PM,10:30 PM,
07/08/2024,3:43 AM,5:35 AM,1:19 PM,6:28 PM,8:54 PM,10:02 PM,4:45 AM,1:45 PM,7:00 PM,8:54 PM,10:30 PM,
08/08/2024,3:45 AM,5:37 AM,1:19 PM,6:27 PM,8:52 PM,10:00 PM,4:45 AM,1:45 PM,7:00 PM,8:52 PM,10:30 PM,
09/08/2024,3:47 AM,5:38 AM,1:19 PM,6:25 PM,8:50 PM,9:58 PM,5:00 AM,1:45 PM,7:00 PM,8:50 PM,10:15 PM,
10/08/2024,3:49 AM,5:40 AM,1:19 PM,6:24 PM,8:47 PM,9:56 PM,5:00 AM,1:45 PM,7:00 PM,8:47 PM,10:15 PM,
11/08/2024,3:51 AM,5:42 AM,1:19 PM,6:23 PM,8:45 PM,9:55 PM,5:00 AM,1:45 PM,7:00 PM,8:45 PM,10:15 PM,
12/08/2024,3:53 AM,5:43 AM,1:18 PM,6:21 PM,8:43 PM,9:53 PM,5:00 AM,1:45 PM,7:00 PM,8:43 PM,10:15 PM,
13/08/2024,3:55 AM,5:45 AM,1:18 PM,6:20 PM,8:41 PM,9:51 PM,5:00 AM,1:45 PM,7:00 PM,8:41 PM,10:15 PM,
14/08/2024,3:57 AM,5:47 AM,1:18 PM,6:18 PM,8:39 PM,9:49 PM,5:00 AM,1:45 PM,7:00 PM,8:39 PM,10:15 PM,
15/08/2024,4:00 AM,5:49 AM,1:18 PM,6:17 PM,8:37 PM,9:47 PM,5:00 AM,1:45 PM,7:00 PM,8:37 PM,10:15 PM,
16/08/2024,4:02 AM,5:50 AM,1:18 PM,6:15 PM,8:35 PM,9:45 PM,5:00 AM,1:45 PM,6:45 PM,8:35 PM,10:00 PM,
17/08/2024,4:04 AM,5:52 AM,1:18 PM,6:14 PM,8:33 PM,9:43 PM,5:00 AM,1:45 PM,6:45 PM,8:33 PM,10:00 PM,
18/08/2024,4:06 AM,5:54 AM,1:17 PM,6:12 PM,8:30 PM,9:41 PM,5:00 AM,1:45 PM,6:45 PM,8:30 PM,10:00 PM,
19/08/2024,4:08 AM,5:56 AM,1:17 PM,6:11 PM,8:28 PM,9:39 PM,5:00 AM,1:45 PM,6:45 PM,8:28 PM,10:00 PM,
20/08/2024,4:10 AM,5:57 AM,1:17 PM,6:09 PM,8:26 PM,9:37 PM,5:00 AM,1:45 PM,6:45 PM,8:26 PM,10:00 PM,
21/08/2024,4:12 AM,5:59 AM,1:17 PM,6:08 PM,8:24 PM,9:35 PM,5:00 AM,1:45 PM,6:45 PM,8:24 PM,10:00 PM,
22/08/2024,4:14 AM,6:01 AM,1:16 PM,6:06 PM,8:21 PM,9:33 PM,5:00 AM,1:45 PM,6:45 PM,8:21 PM,10:00 PM,
23/08/2024,4:16 AM,6:03 AM,1:16 PM,6:04 PM,8:19 PM,9:31 PM,5:15 AM,1:45 PM,6:30 PM,8:19 PM,9:45 PM,
24/08/2024,4:18 AM,6:04 AM,1:16 PM,6:03 PM,8:17 PM,9:29 PM,5:15 AM,1:45 PM,6:30 PM,8:17 PM,9:45 PM,
25/08/2024,4:20 AM,6:06 AM,1:16 PM,6:01 PM,8:14 PM,9:27 PM,5:15 AM,1:45 PM,6:30 PM,8:14 PM,9:45 PM,
26/08/2024,4:22 AM,6:08 AM,1:15 PM,5:59 PM,8:12 PM,9:25 PM,5:15 AM,1:45 PM,6:30 PM,8:12 PM,9:45 PM,
27/08/2024,4:24 AM,6:10 AM,1:15 PM,5:57 PM,8:10 PM,9:23 PM,5:15 AM,1:45 PM,6:30 PM,8:10 PM,9:45 PM,
28/08/2024,4:26 AM,6:11 AM,1:15 PM,5:56 PM,8:07 PM,9:21 PM,5:15 AM,1:45 PM,6:30 PM,8:07 PM,9:45 PM,
29/08/2024,4:28 AM,6:13 AM,1:14 PM,5:54 PM,8:05 PM,9:19 PM,5:15 AM,1:45 PM,6:30 PM,8:05 PM,9:45 PM,
30/08/2024,4:30 AM,6:15 AM,1:14 PM,5:52 PM,8:03 PM,9:17 PM,5:30 AM,1:45 PM,6:15 PM,8:03 PM,9:30 PM,
31/08/2024,4:32 AM,6:17 AM,1:14 PM,5:50 PM,8:00 PM,9:15 PM,5:30 AM,1:45 PM,6:15 PM,8:00 PM,9:30 PM,
01/09/2024,4:34 AM,6:18 AM,1:13 PM,5:49 PM,7:58 PM,9:12 PM,5:30 AM,1:45 PM,6:15 PM,7:58 PM,9:30 PM,
02/09/2024,4:36 AM,6:20 AM,1:13 PM,5:47 PM,7:56 PM,9:10 PM,5:30 AM,1:45 PM,6:15 PM,7:56 PM,9:30 PM,
03/09/2024,4:38 AM,6:22 AM,1:13 PM,5:45 PM,7:53 PM,9:08 PM,5:30 AM,1:45 PM,6:15 PM,7:53 PM,9:30 PM,
04/09/2024,4:41 AM,6:24 AM,1:12 PM,5:43 PM,7:51 PM,9:06 PM,5:30 AM,1:45 PM,6:15 PM,7:51 PM,9:30 PM,
05/09/2024,4:43 AM,6:25 AM,1:12 PM,5:41 PM,7:48 PM,9:04 PM,5:30 AM,1:45 PM,6:15 PM,7:48 PM,9:30 PM,
06/09/2024,4:45 AM,6:27 AM,1:12 PM,5:39 PM,7:46 PM,9:02 PM,5:45 AM,1:45 PM,6:00 PM,7:46 PM,9:15 PM,
07/09/2024,4:47 AM,6:29 AM,1:11 PM,5:37 PM,7:44 PM,8:59 PM,5:45 AM,1:45 PM,6:00 PM,7:44 PM,9:15 PM,
08/09/2024,4:49 AM,6:31 AM,1:11 PM,5:35 PM,7:41 PM,8:57 PM,5:45 AM,1:45 PM,6:00 PM,7:41 PM,9:15 PM,
09/09/2024,4:51 AM,6:32 AM,1:11 PM,5:33 PM,7:39 PM,8:55 PM,5:45 AM,1:45 PM,6:00 PM,7:39 PM,9:15 PM,
10/09/2024,4:53 AM,6:34 AM,1:10 PM,5:31 PM,7:36 PM,8:53 PM,5:45 AM,1:45 PM,6:00 PM,7:36 PM,9:15 PM,
11/09/2024,4:55 AM,6:36 AM,1:10 PM,5:29 PM,7:34 PM,8:51 PM,5:45 AM,1:45 PM,6:00 PM,7:34 PM,9:15 PM,
12/09/2024,4:57 AM,6:38 AM,1:10 PM,5:27 PM,7:31 PM,8:49 PM,5:45 AM,1:45 PM,6:00 PM,7:31 PM,9:15 PM,
13/09/2024,4:59 AM,6:39 AM,1:09 PM,5:25 PM,7:29 PM,8:46 PM,6:00 AM,1:45 PM,5:45 PM,7:29 PM,9:00 PM,
14/09/2024,5:01 AM,6:41 AM,1:09 PM,5:23 PM,7:26 PM,8:44 PM,6:00 AM,1:45 PM,5:45 PM,7:26 PM,9:00 PM,
15/09/2024,5:03 AM,6:43 AM,1:09 PM,5:21 PM,7:24 PM,8:42 PM,6:00 AM,1:45 PM,5:45 PM,7:24 PM,9:00 PM,
16/09/2024,5:05 AM,6:45 AM,1:08 PM,5:19 PM,7:21 PM,8:40 PM,6:00 AM,1:45 PM,5:45 PM,7:21 PM,9:00 PM,
17/09/2024,5:07 AM,6:46 AM,1:08 PM,5:17 PM,7:19 PM,8:37 PM,6:00 AM,1:45 PM,5:45 PM,7:19 PM,9:00 PM,
18/09/2024,5:09 AM,6:48 AM,1:08 PM,5:15 PM,7:17 PM,8:35 PM,6:00 AM,1:45 PM,5:45 PM,7:17 PM,9:00 PM,
19/09/2024,5:11 AM,6:50 AM,1:07 PM,5:13 PM,7:14 PM,8:33 PM,6:00 AM,1:45 PM,5:45 PM,7:14 PM,9:00 PM,
20/09/2024,5:13 AM,6:52 AM,1:07 PM,5:11 PM,7:12 PM,8:31 PM,6:15 AM,1:45 PM,5:30 PM,7:12 PM,8:45 PM,
21/09/2024,5:15 AM,6:53 AM,1:06 PM,5:09 PM,7:09 PM,8:29 PM,6:15 AM,1:45 PM,5:30 PM,7:09 PM,8:45 PM,
22/09/2024,5:17 AM,6:55 AM,1:06 PM,5:07 PM,7:07 PM,8:26 PM,6:15 AM,1:45 PM,5:30 PM,7:07 PM,8:45 PM,
23/09/2024,5:19 AM,6:57 AM,1:06 PM,5:05 PM,7:04 PM,8:24 PM,6:15 AM,1:45 PM,5:30 PM,7:04 PM,8:45 PM,
24/09/2024,5:20 AM,6:59 AM,1:05 PM,5:03 PM,7:02 PM,8:22 PM,6:15 AM,1:45 PM,5:30 PM,7:02 PM,8:45 PM,
25/09/2024,5:22 AM,7:00 AM,1:05 PM,5:01 PM,6:59 PM,8:20 PM,6:15 AM,1:45 PM,5:30 PM,6:59 PM,8:45 PM,
26/09/2024,5:24 AM,7:02 AM,1:05 PM,4:59 PM,6:57 PM,8:18 PM,6:15 AM,1:45 PM,5:30 PM,6:57 PM,8:45 PM,
27/09/2024,5:25 AM,7:04 AM,1:04 PM,4:56 PM,6:55 PM,8:15 PM,6:30 AM,1:45 PM,5:15 PM,6:55 PM,8:30 PM,
28/09/2024,5:27 AM,7:06 AM,1:04 PM,4:54 PM,6:52 PM,8:13 PM,6:30 AM,1:45 PM,5:15 PM,6:52 PM,8:30 PM,
29/09/2024,5:29 AM,7:07 AM,1:04 PM,4:52 PM,6:50 PM,8:11 PM,6:30 AM,1:45 PM,5:15 PM,6:50 PM,8:30 PM,
30/09/2024,5:30 AM,7:09 AM,1:03 PM,4:50 PM,6:47 PM,8:09 PM,6:30 AM,1:45 PM,5:15 PM,6:47 PM,8:30 PM,
01/10/2024,5:32 AM,7:11 AM,1:03 PM,4:48 PM,6:45 PM,8:07 PM,6:30 AM,1:45 PM,5:15 PM,6:45 PM,8:30 PM,
02/10/2024,5:34 AM,7:13 AM,1:03 PM,4:46 PM,6:42 PM,8:05 PM,6:30 AM,1:45 PM,5:15 PM,6:42 PM,8:30 PM,
03/10/2024,5:35 AM,7:15 AM,1:02 PM,4:44 PM,6:40 PM,8:02 PM,6:30 AM,1:45 PM,5:15 PM,6:40 PM,8:30 PM,
04/10/2024,5:37 AM,7:16 AM,1:02 PM,4:42 PM,6:38 PM,8:00 PM,6:30 AM,1:45 PM,5:00 PM,6:38 PM,8:15 PM,
05/10/2024,5:39 AM,7:18 AM,1:02 PM,4:39 PM,6:35 PM,7:58 PM,6:30 AM,1:45 PM,5:00 PM,6:35 PM,8:15 PM,
06/10/2024,5:41 AM,7:20 AM,1:02 PM,4:37 PM,6:33 PM,7:56 PM,6:30 AM,1:45 PM,5:00 PM,6:33 PM,8:15 PM,
07/10/2024,5:42 AM,7:22 AM,1:01 PM,4:35 PM,6:30 PM,7:54 PM,6:30 AM,1:45 PM,5:00 PM,6:30 PM,8:15 PM,
08/10/2024,5:44 AM,7:24 AM,1:01 PM,4:33 PM,6:28 PM,7:52 PM,6:30 AM,1:45 PM,5:00 PM,6:28 PM,8:15 PM,
09/10/2024,5:46 AM,7:25 AM,1:01 PM,4:31 PM,6:26 PM,7:50 PM,6:30 AM,1:45 PM,5:00 PM,6:26 PM,8:15 PM,
10/10/2024,5:48 AM,7:27 AM,1:00 PM,4:29 PM,6:23 PM,7:47 PM,6:30 AM,1:45 PM,5:00 PM,6:23 PM,8:15 PM,
11/10/2024,5:49 AM,7:29 AM,1:00 PM,4:27 PM,6:21 PM,7:45 PM,6:45 AM,1:45 PM,4:45 PM,6:21 PM,8:00 PM,
12/10/2024,5:51 AM,7:31 AM,1:00 PM,4:25 PM,6:19 PM,7:43 PM,6:45 AM,1:45 PM,4:45 PM,6:19 PM,8:00 PM,
13/10/2024,5:53 AM,7:33 AM,1:00 PM,4:22 PM,6:16 PM,7:41 PM,6:45 AM,1:45 PM,4:45 PM,6:16 PM,8:00 PM,
14/10/2024,5:55 AM,7:35 AM,12:59 PM,4:20 PM,6:14 PM,7:39 PM,6:45 AM,1:45 PM,4:45 PM,6:14 PM,8:00 PM,
15/10/2024,5:56 AM,7:37 AM,12:59 PM,4:18 PM,6:12 PM,7:37 PM,6:45 AM,1:45 PM,4:45 PM,6:12 PM,8:00 PM,
16/10/2024,5:58 AM,7:38 AM,12:59 PM,4:16 PM,6:10 PM,7:35 PM,6:45 AM,1:45 PM,4:45 PM,6:10 PM,8:00 PM,
17/10/2024,6:00 AM,7:40 AM,12:59 PM,4:14 PM,6:07 PM,7:33 PM,6:45 AM,1:45 PM,4:45 PM,6:07 PM,8:00 PM,
18/10/2024,6:02 AM,7:42 AM,12:59 PM,4:12 PM,6:05 PM,7:31 PM,7:00 AM,1:45 PM,4:30 PM,6:05 PM,8:00 PM,
19/10/2024,6:03 AM,7:44 AM,12:58 PM,4:10 PM,6:03 PM,7:29 PM,7:00 AM,1:45 PM,4:30 PM,6:03 PM,8:00 PM,
20/10/2024,6:05 AM,7:46 AM,12:58 PM,4:08 PM,6:01 PM,7:27 PM,7:00 AM,1:45 PM,4:30 PM,6:01 PM,8:00 PM,
21/10/2024,6:07 AM,7:48 AM,12:58 PM,4:06 PM,5:59 PM,7:25 PM,7:00 AM,1:45 PM,4:30 PM,5:59 PM,8:00 PM,
22/10/2024,6:09 AM,7:50 AM,12:58 PM,4:04 PM,5:56 PM,7:23 PM,7:00 AM,1:45 PM,4:30 PM,5:56 PM,8:00 PM,
23/10/2024,6:11 AM,7:52 AM,12:58 PM,4:02 PM,5:54 PM,7:21 PM,7:00 AM,1:45 PM,4:30 PM,5:54 PM,8:00 PM,
24/10/2024,6:12 AM,7:54 AM,12:58 PM,4:00 PM,5:52 PM,7:19 PM,7:00 AM,1:45 PM,4:30 PM,5:52 PM,8:00 PM,
25/10/2024,6:14 AM,7:55 AM,12:58 PM,3:58 PM,5:50 PM,7:18 PM,7:15 AM,1:45 PM,4:30 PM,5:50 PM,8:00 PM,
26/10/2024,6:16 AM,7:57 AM,12:57 PM,3:56 PM,5:48 PM,7:16 PM,7:15 AM,1:45 PM,4:30 PM,5:48 PM,8:00 PM,
27/10/2024,5:18 AM,6:59 AM,11:57 AM,2:54 PM,4:46 PM,6:14 PM,6:15 AM,1:00 PM,3:30 PM,4:46 PM,7:15 PM,
28/10/2024,5:20 AM,7:01 AM,11:57 AM,2:52 PM,4:44 PM,6:12 PM,6:15 AM,1:00 PM,3:30 PM,4:44 PM,7:15 PM,
29/10/2024,5:21 AM,7:03 AM,11:57 AM,2:50 PM,4:42 PM,6:10 PM,6:15 AM,1:00 PM,3:30 PM,4:42 PM,7:15 PM,
30/10/2024,5:23 AM,7:05 AM,11:57 AM,2:48 PM,4:40 PM,6:09 PM,6:15 AM,1:00 PM,3:30 PM,4:40 PM,7:15 PM,
31/10/2024,5:26 AM,7:07 AM,11:57 AM,2:46 PM,4:38 PM,6:07 PM,6:15 AM,1:00 PM,3:30 PM,4:38 PM,7:15 PM,
01/11/2024,5:28 AM,7:09 AM,11:57 AM,2:45 PM,4:36 PM,6:05 PM,6:30 AM,1:00 PM,3:15 PM,4:36 PM,7:15 PM,
02/11/2024,5:30 AM,7:11 AM,11:57 AM,2:43 PM,4:34 PM,6:03 PM,6:30 AM,1:00 PM,3:15 PM,4:34 PM,7:15 PM,
03/11/2024,5:31 AM,7:13 AM,11:57 AM,2:41 PM,4:32 PM,6:02 PM,6:30 AM,1:00 PM,3:15 PM,4:32 PM,7:15 PM,
04/11/2024,5:33 AM,7:15 AM,11:57 AM,2:39 PM,4:30 PM,6:00 PM,6:30 AM,1:00 PM,3:15 PM,4:30 PM,7:15 PM,
05/11/2024,5:35 AM,7:16 AM,11:57 AM,2:38 PM,4:28 PM,5:59 PM,6:30 AM,1:00 PM,3:15 PM,4:28 PM,7:15 PM,
06/11/2024,5:37 AM,7:18 AM,11:57 AM,2:36 PM,4:27 PM,5:57 PM,6:30 AM,1:00 PM,3:15 PM,4:27 PM,7:15 PM,
07/11/2024,5:39 AM,7:20 AM,11:57 AM,2:34 PM,4:25 PM,5:55 PM,6:30 AM,1:00 PM,3:15 PM,4:25 PM,7:15 PM,
08/11/2024,5:41 AM,7:22 AM,11:57 AM,2:32 PM,4:23 PM,5:54 PM,6:45 AM,1:00 PM,3:00 PM,4:23 PM,7:15 PM,
09/11/2024,5:42 AM,7:24 AM,11:57 AM,2:31 PM,4:21 PM,5:52 PM,6:45 AM,1:00 PM,3:00 PM,4:21 PM,7:15 PM,
10/11/2024,5:44 AM,7:26 AM,11:57 AM,2:29 PM,4:20 PM,5:51 PM,6:45 AM,1:00 PM,3:00 PM,4:20 PM,7:15 PM,
11/11/2024,5:46 AM,7:28 AM,11:58 AM,2:28 PM,4:18 PM,5:50 PM,6:45 AM,1:00 PM,3:00 PM,4:18 PM,7:15 PM,
12/11/2024,5:48 AM,7:30 AM,11:58 AM,2:26 PM,4:17 PM,5:48 PM,6:45 AM,1:00 PM,3:00 PM,4:17 PM,7:15 PM,
13/11/2024,5:50 AM,7:32 AM,11:58 AM,2:25 PM,4:15 PM,5:47 PM,6:45 AM,1:00 PM,3:00 PM,4:15 PM,7:15 PM,
14/11/2024,5:51 AM,7:34 AM,11:58 AM,2:23 PM,4:13 PM,5:46 PM,6:45 AM,1:00 PM,3:00 PM,4:13 PM,7:15 PM,
15/11/2024,5:53 AM,7:35 AM,11:58 AM,2:22 PM,4:12 PM,5:44 PM,7:00 AM,1:00 PM,2:45 PM,4:12 PM,7:15 PM,
16/11/2024,5:55 AM,7:37 AM,11:58 AM,2:20 PM,4:11 PM,5:43 PM,7:00 AM,1:00 PM,2:45 PM,4:11 PM,7:15 PM,
17/11/2024,5:57 AM,7:39 AM,11:58 AM,2:19 PM,4:09 PM,5:42 PM,7:00 AM,1:00 PM,2:45 PM,4:09 PM,7:15 PM,
18/11/2024,5:58 AM,7:41 AM,11:59 AM,2:18 PM,4:08 PM,5:41 PM,7:00 AM,1:00 PM,2:45 PM,4:08 PM,7:15 PM,
19/11/2024,6:00 AM,7:43 AM,11:59 AM,2:17 PM,4:07 PM,5:40 PM,7:00 AM,1:00 PM,2:45 PM,4:07 PM,7:15 PM,
20/11/2024,6:02 AM,7:44 AM,11:59 AM,2:15 PM,4:05 PM,5:39 PM,7:00 AM,1:00 PM,2:45 PM,4:05 PM,7:15 PM,
21/11/2024,6:03 AM,7:46 AM,11:59 AM,2:14 PM,4:04 PM,5:38 PM,7:00 AM,1:00 PM,2:45 PM,4:04 PM,7:15 PM,
22/11/2024,6:05 AM,7:48 AM,12:00 PM,2:13 PM,4:03 PM,5:37 PM,7:15 AM,1:00 PM,2:45 PM,4:03 PM,7:15 PM,
23/11/2024,6:07 AM,7:50 AM,12:00 PM,2:12 PM,4:02 PM,5:36 PM,7:15 AM,1:00 PM,2:45 PM,4:02 PM,7:15 PM,
24/11/2024,6:08 AM,7:51 AM,12:00 PM,2:11 PM,4:01 PM,5:35 PM,7:15 AM,1:00 PM,2:45 PM,4:01 PM,7:15 PM,
25/11/2024,6:10 AM,7:53 AM,12:01 PM,2:10 PM,4:00 PM,5:34 PM,7:15 AM,1:00 PM,2:45 PM,4:00 PM,7:15 PM,
26/11/2024,6:11 AM,7:55 AM,12:01 PM,2:09 PM,3:59 PM,5:34 PM,7:15 AM,1:00 PM,2:45 PM,3:59 PM,7:15 PM,
27/11/2024,6:13 AM,7:56 AM,12:01 PM,2:08 PM,3:58 PM,5:33 PM,7:15 AM,1:00 PM,2:45 PM,3:58 PM,7:15 PM,
28/11/2024,6:14 AM,7:58 AM,12:01 PM,2:07 PM,3:57 PM,5:32 PM,7:15 AM,1:00 PM,2:45 PM,3:57 PM,7:15 PM,
29/11/2024,6:16 AM,7:59 AM,12:02 PM,2:07 PM,3:56 PM,5:32 PM,7:15 AM,1:00 PM,2:45 PM,3:56 PM,7:15 PM,
30/11/2024,6:17 AM,8:01 AM,12:02 PM,2:06 PM,3:55 PM,5:31 PM,7:15 AM,1:00 PM,2:45 PM,3:55 PM,7:15 PM,
01/12/2024,6:19 AM,8:02 AM,12:03 PM,2:05 PM,3:55 PM,5:31 PM,7:15 AM,1:00 PM,2:45 PM,3:55 PM,7:15 PM,
02/12/2024,6:20 AM,8:04 AM,12:03 PM,2:04 PM,3:54 PM,5:30 PM,7:15 AM,1:00 PM,2:45 PM,3:54 PM,7:15 PM,
03/12/2024,6:21 AM,8:05 AM,12:03 PM,2:04 PM,3:53 PM,5:30 PM,7:15 AM,1:00 PM,2:45 PM,3:53 PM,7:15 PM,
04/12/2024,6:23 AM,8:07 AM,12:04 PM,2:03 PM,3:53 PM,5:30 PM,7:15 AM,1:00 PM,2:45 PM,3:53 PM,7:15 PM,
05/12/2024,6:24 AM,8:08 AM,12:04 PM,2:03 PM,3:53 PM,5:29 PM,7:15 AM,1:00 PM,2:45 PM,3:53 PM,7:15 PM,
06/12/2024,6:25 AM,8:09 AM,12:05 PM,2:03 PM,3:52 PM,5:29 PM,7:30 AM,1:00 PM,2:45 PM,3:52 PM,7:15 PM,
07/12/2024,6:26 AM,8:11 AM,12:05 PM,2:02 PM,3:52 PM,5:29 PM,7:30 AM,1:00 PM,2:45 PM,3:52 PM,7:15 PM,
08/12/2024,6:27 AM,8:12 AM,12:05 PM,2:02 PM,3:51 PM,5:29 PM,7:30 AM,1:00 PM,2:45 PM,3:51 PM,7:15 PM,
09/12/2024,6:28 AM,8:13 AM,12:06 PM,2:02 PM,3:51 PM,5:29 PM,7:30 AM,1:00 PM,2:45 PM,3:51 PM,7:15 PM,
10/12/2024,6:29 AM,8:14 AM,12:06 PM,2:01 PM,3:51 PM,5:29 PM,7:30 AM,1:00 PM,2:45 PM,3:51 PM,7:15 PM,
11/12/2024,6:30 AM,8:15 AM,12:07 PM,2:01 PM,3:51 PM,5:29 PM,7:30 AM,1:00 PM,2:45 PM,3:51 PM,7:15 PM,
12/12/2024,6:31 AM,8:16 AM,12:07 PM,2:01 PM,3:51 PM,5:29 PM,7:30 AM,1:00 PM,2:45 PM,3:51 PM,7:15 PM,
13/12/2024,6:32 AM,8:17 AM,12:08 PM,2:01 PM,3:51 PM,5:29 PM,7:30 AM,1:00 PM,2:45 PM,3:51 PM,7:15 PM,
14/12/2024,6:33 AM,8:18 AM,12:08 PM,2:01 PM,3:51 PM,5:30 PM,7:30 AM,1:00 PM,2:45 PM,3:51 PM,7:15 PM,
15/12/2024,6:34 AM,8:19 AM,12:09 PM,2:01 PM,3:51 PM,5:30 PM,7:30 AM,1:00 PM,2:45 PM,3:51 PM,7:15 PM,
16/12/2024,6:34 AM,8:20 AM,12:09 PM,2:02 PM,3:51 PM,5:30 PM,7:30 AM,1:00 PM,2:45 PM,3:51 PM,7:15 PM,
17/12/2024,6:35 AM,8:21 AM,12:10 PM,2:02 PM,3:52 PM,5:31 PM,7:30 AM,1:00 PM,2:45 PM,3:52 PM,7:15 PM,
18/12/2024,6:36 AM,8:21 AM,12:10 PM,2:02 PM,3:52 PM,5:31 PM,7:30 AM,1:00 PM,2:45 PM,3:52 PM,7:15 PM,
19/12/2024,6:36 AM,8:22 AM,12:11 PM,2:02 PM,3:52 PM,5:31 PM,7:30 AM,1:00 PM,2:45 PM,3:52 PM,7:15 PM,
20/12/2024,6:37 AM,8:23 AM,12:11 PM,2:03 PM,3:53 PM,5:32 PM,7:30 AM,1:00 PM,2:45 PM,3:53 PM,7:15 PM,
21/12/2024,6:38 AM,8:23 AM,12:12 PM,2:03 PM,3:53 PM,5:32 PM,7:30 AM,1:00 PM,2:45 PM,3:53 PM,7:15 PM,
22/12/2024,6:38 AM,8:23 AM,12:12 PM,2:04 PM,3:54 PM,5:33 PM,7:30 AM,1:00 PM,2:45 PM,3:54 PM,7:15 PM,
23/12/2024,6:38 AM,8:24 AM,12:13 PM,2:04 PM,3:55 PM,5:33 PM,7:30 AM,1:00 PM,2:45 PM,3:55 PM,7:15 PM,
24/12/2024,6:39 AM,8:24 AM,12:13 PM,2:05 PM,3:55 PM,5:34 PM,7:30 AM,1:00 PM,2:45 PM,3:55 PM,7:15 PM,
25/12/2024,6:39 AM,8:25 AM,12:14 PM,2:06 PM,3:56 PM,5:35 PM,7:30 AM,1:00 PM,2:45 PM,3:56 PM,7:15 PM,
26/12/2024,6:39 AM,8:25 AM,12:14 PM,2:06 PM,3:57 PM,5:36 PM,7:30 AM,1:00 PM,2:45 PM,3:57 PM,7:15 PM,
27/12/2024,6:39 AM,8:25 AM,12:15 PM,2:07 PM,3:58 PM,5:36 PM,7:30 AM,1:00 PM,2:45 PM,3:58 PM,7:15 PM,
28/12/2024,6:39 AM,8:25 AM,12:15 PM,2:08 PM,3:59 PM,5:37 PM,7:30 AM,1:00 PM,2:45 PM,3:59 PM,7:15 PM,
29/12/2024,6:40 AM,8:25 AM,12:16 PM,2:09 PM,4:00 PM,5:38 PM,7:30 AM,1:00 PM,2:45 PM,4:00 PM,7:15 PM,
30/12/2024,6:39 AM,8:25 AM,12:16 PM,2:10 PM,4:01 PM,5:39 PM,7:30 AM,1:00 PM,2:45 PM,4:01 PM,7:15 PM,
31/12/2024,6:40 AM,8:25 AM,12:17 PM,2:11 PM,4:02 PM,5:39 PM,7:30 AM,1:00 PM,2:45 PM,4:02 PM,7:15 PM,
01/01/2025,6:40 AM,8:25 AM,12:17 PM,2:12 PM,4:03 PM,5:40 PM,7:30 AM,1:00 PM,2:45 PM,4:03 PM,7:15 PM,
